[{"model":"core.timerange","pk":2,"fields":{"start_date":"2023-08-14","end_date":"2025-06-17"}},{"model":"core.timerange","pk":3,"fields":{"start_date":"2021-03-01","end_date":"2022-04-30"}},{"model":"core.timerange","pk":4,"fields":{"start_date":"2023-02-01","end_date":"2023-04-28"}},{"model":"core.timerange","pk":5,"fields":{"start_date":"2022-03-03","end_date":"2023-02-19"}},{"model":"core.timerange","pk":6,"fields":{"start_date":"2020-10-01","end_date":"2021-01-31"}},{"model":"core.timerange","pk":7,"fields":{"start_date":"2018-10-01","end_date":"2020-06-30"}},{"model":"core.timerange","pk":8,"fields":{"start_date":"2018-10-01","end_date":"2020-05-30"}},{"model":"core.timerange","pk":9,"fields":{"start_date":"2018-04-01","end_date":"2018-08-30"}},{"model":"core.timerange","pk":10,"fields":{"start_date":"2017-06-01","end_date":"2018-03-30"}},{"model":"jobs.stack","pk":1,"fields":{"name":"Django","is_current_stack":true,"logo":null,"time_range":[2,4]}},{"model":"jobs.stack","pk":2,"fields":{"name":"HTML5","is_current_stack":true,"logo":null,"time_range":[2,6]}},{"model":"jobs.stack","pk":3,"fields":{"name":"CSS3","is_current_stack":true,"logo":null,"time_range":[2,6,7]}},{"model":"jobs.stack","pk":4,"fields":{"name":"Javascript","is_current_stack":true,"logo":null,"time_range":[2,6]}},{"model":"jobs.stack","pk":5,"fields":{"name":"RabbitMQ","is_current_stack":true,"logo":null,"time_range":[2]}},{"model":"jobs.stack","pk":6,"fields":{"name":"Flask","is_current_stack":true,"logo":null,"time_range":[5,3]}},{"model":"jobs.stack","pk":7,"fields":{"name":"MySQL","is_current_stack":true,"logo":null,"time_range":[3]}},{"model":"jobs.stack","pk":8,"fields":{"name":"GitFlow","is_current_stack":true,"logo":"https://i0.wp.com/blog.nashtechglobal.com/wp-content/uploads/2024/01/git-flow.png?fit=275%2C275&ssl=1","time_range":[5,3]}},{"model":"jobs.stack","pk":9,"fields":{"name":"ElasticSearch","is_current_stack":true,"logo":null,"time_range":[4,5]}},{"model":"jobs.stack","pk":10,"fields":{"name":"PyTest","is_current_stack":true,"logo":null,"time_range":[4,5,3]}},{"model":"jobs.stack","pk":11,"fields":{"name":"Django TestCase","is_current_stack":true,"logo":"https://icon.icepanel.io/Technology/png-shadow-512/Django.png","time_range":[2,4]}},{"model":"jobs.stack","pk":12,"fields":{"name":"Laravel","is_current_stack":true,"logo":null,"time_range":[6]}},{"model":"jobs.stack","pk":13,"fields":{"name":"VueJS","is_current_stack":true,"logo":null,"time_range":[2,6]}},{"model":"jobs.stack","pk":14,"fields":{"name":"SASS","is_current_stack":false,"logo":null,"time_range":[6]}},{"model":"jobs.stack","pk":15,"fields":{"name":"Selenium","is_current_stack":false,"logo":null,"time_range":[2]}},{"model":"jobs.stack","pk":16,"fields":{"name":"Django Jazzmin","is_current_stack":false,"logo":"https://icon.icepanel.io/Technology/png-shadow-512/Django.png","time_range":[2]}},{"model":"jobs.stack","pk":17,"fields":{"name":"Ubuntu","is_current_stack":false,"logo":null,"time_range":[2]}},{"model":"jobs.stack","pk":18,"fields":{"name":"DjangoREST","is_current_stack":false,"logo":null,"time_range":[2,4]}},{"model":"jobs.stack","pk":20,"fields":{"name":"Scrum","is_current_stack":false,"logo":"https://static.thenounproject.com/png/2013813-200.png","time_range":[2]}},{"model":"jobs.stack","pk":21,"fields":{"name":"Jinja","is_current_stack":false,"logo":"https://images.icon-icons.com/3912/PNG/512/jinja_logo_icon_247964.png","time_range":[2,4]}},{"model":"jobs.stack","pk":22,"fields":{"name":"Agile Methodologies","is_current_stack":false,"logo":"https://png.pngtree.com/png-vector/20230302/ourmid/pngtree-agile-line-icon-vector-png-image_6626591.png","time_range":[2,5,3,6]}},{"model":"jobs.stack","pk":23,"fields":{"name":"Feature Toggle","is_current_stack":false,"logo":"https://cdn-icons-png.flaticon.com/512/5999/5999369.png","time_range":[2]}},{"model":"jobs.stack","pk":25,"fields":{"name":"Fernet","is_current_stack":false,"logo":"https://cdn-icons-png.flaticon.com/512/1163/1163519.png","time_range":[2]}},{"model":"jobs.stack","pk":26,"fields":{"name":"Unittest (Python)","is_current_stack":false,"logo":"https://teamscale.com/hs-fs/hubfs/unittest.png?width=250&height=296&name=unittest.png","time_range":[2]}},{"model":"jobs.stack","pk":27,"fields":{"name":"PostgreSQL","is_current_stack":false,"logo":null,"time_range":[2,4,5]}},{"model":"jobs.stack","pk":28,"fields":{"name":"Celery","is_current_stack":false,"logo":"https://upload.wikimedia.org/wikipedia/commons/1/19/Celery_logo.png","time_range":[2]}},{"model":"jobs.stack","pk":29,"fields":{"name":"Git","is_current_stack":false,"logo":null,"time_range":[2,5,3,6]}},{"model":"jobs.stack","pk":30,"fields":{"name":"Sentry","is_current_stack":false,"logo":null,"time_range":[2]}},{"model":"jobs.stack","pk":31,"fields":{"name":"Docker","is_current_stack":false,"logo":null,"time_range":[2,5,3]}},{"model":"jobs.stack","pk":32,"fields":{"name":"Redis","is_current_stack":false,"logo":null,"time_range":[2,5,3]}},{"model":"jobs.stack","pk":33,"fields":{"name":"Azure Key Vault","is_current_stack":false,"logo":"https://cdn1.iconfinder.com/data/icons/hawcons/32/698906-icon-25-key-512.png","time_range":[2]}},{"model":"jobs.stack","pk":35,"fields":{"name":"JQuery","is_current_stack":false,"logo":null,"time_range":[2]}},{"model":"jobs.stack","pk":36,"fields":{"name":"Git Actions","is_current_stack":false,"logo":"https://images.seeklogo.com/logo-png/42/2/github-actions-logo-png_seeklogo-428028.png","time_range":[2]}},{"model":"jobs.stack","pk":37,"fields":{"name":"Back-End Web Development","is_current_stack":false,"logo":"https://static.thenounproject.com/png/3905512-200.png","time_range":[2,4,5,3]}},{"model":"jobs.stack","pk":40,"fields":{"name":"Ruff","is_current_stack":false,"logo":"https://assets.streamlinehq.com/image/private/w_300,h_300,ar_1/f_auto/v1/icons/logos/ruff-khko1wqk9tdfa5j3xe1kd9.png/ruff-8oqrao57j4jft88a7ehfqr.png?_a=DATAdtAAZAA0","time_range":[2]}},{"model":"jobs.stack","pk":41,"fields":{"name":"AJAX","is_current_stack":false,"logo":"https://upload.wikimedia.org/wikipedia/commons/thumb/a/a1/AJAX_logo_by_gengns.svg/1200px-AJAX_logo_by_gengns.svg.png","time_range":[2]}},{"model":"jobs.stack","pk":44,"fields":{"name":"Python","is_current_stack":false,"logo":null,"time_range":[2,4,5,3]}},{"model":"jobs.stack","pk":45,"fields":{"name":"Kanban","is_current_stack":false,"logo":"https://cdn-icons-png.flaticon.com/512/17008/17008878.png","time_range":[2]}},{"model":"jobs.stack","pk":46,"fields":{"name":"Grafana","is_current_stack":false,"logo":null,"time_range":[2,3]}},{"model":"jobs.stack","pk":47,"fields":{"name":"Object Oriented Programing","is_current_stack":false,"logo":"https://cdn4.iconfinder.com/data/icons/technology-83/1000/object_programming_development_oriented_developer_object-oriented_programming_software-512.png","time_range":[2,4,5,3,6,7]}},{"model":"jobs.stack","pk":48,"fields":{"name":"VSCode","is_current_stack":false,"logo":null,"time_range":[2,4,5,3,6]}},{"model":"jobs.stack","pk":49,"fields":{"name":"Linux","is_current_stack":false,"logo":null,"time_range":[2,5,3,6]}},{"model":"jobs.stack","pk":50,"fields":{"name":"Pair Programing","is_current_stack":false,"logo":"https://static.thenounproject.com/png/995774-200.png","time_range":[2,4,5,3,6,7]}},{"model":"jobs.stack","pk":51,"fields":{"name":"Sonarqube","is_current_stack":false,"logo":null,"time_range":[2]}},{"model":"jobs.stack","pk":53,"fields":{"name":"Swagger","is_current_stack":false,"logo":null,"time_range":[4]}},{"model":"jobs.stack","pk":54,"fields":{"name":"Kibana","is_current_stack":false,"logo":null,"time_range":[4]}},{"model":"jobs.stack","pk":55,"fields":{"name":"Logstash","is_current_stack":false,"logo":null,"time_range":[4]}},{"model":"jobs.stack","pk":57,"fields":{"name":"Jenkins","is_current_stack":false,"logo":null,"time_range":[4]}},{"model":"jobs.stack","pk":65,"fields":{"name":"Datadog","is_current_stack":false,"logo":null,"time_range":[5,3]}},{"model":"jobs.stack","pk":66,"fields":{"name":"Microservices","is_current_stack":false,"logo":"https://static.thenounproject.com/png/2324129-200.png","time_range":[5,3]}},{"model":"jobs.stack","pk":67,"fields":{"name":"Clean Architecture","is_current_stack":false,"logo":"https://cdn-icons-png.flaticon.com/512/46/46114.png","time_range":[5,3]}},{"model":"jobs.stack","pk":68,"fields":{"name":"Clean Code","is_current_stack":false,"logo":"https://cdn-icons-png.flaticon.com/512/8297/8297170.png","time_range":[5,3]}},{"model":"jobs.stack","pk":70,"fields":{"name":"SQL","is_current_stack":false,"logo":"https://cdn-icons-png.flaticon.com/512/4299/4299956.png","time_range":[5,3,6]}},{"model":"jobs.stack","pk":71,"fields":{"name":"ApacheKafka","is_current_stack":false,"logo":null,"time_range":[5,3]}},{"model":"jobs.stack","pk":72,"fields":{"name":"SQLalchemy","is_current_stack":false,"logo":null,"time_range":[5]}},{"model":"jobs.stack","pk":73,"fields":{"name":"SOLID","is_current_stack":false,"logo":"https://miro.medium.com/v2/resize:fit:1191/0*2KMqA09JCKZ7YOF7.png","time_range":[2,5,3]}},{"model":"jobs.stack","pk":74,"fields":{"name":"Full Stack Development","is_current_stack":false,"logo":"https://cdn.iconscout.com/icon/free/png-256/free-web-development-icon-download-in-svg-png-gif-file-formats--design-seo-content-pack-icons-1588443.png","time_range":[2,6,7]}},{"model":"jobs.stack","pk":75,"fields":{"name":"Oracle","is_current_stack":false,"logo":null,"time_range":[6]}},{"model":"jobs.stack","pk":76,"fields":{"name":"Wordpress","is_current_stack":false,"logo":null,"time_range":[7]}},{"model":"jobs.stack","pk":77,"fields":{"name":"PHP","is_current_stack":true,"logo":null,"time_range":[6,7]}},{"model":"jobs.stack","pk":78,"fields":{"name":"Bootstrap","is_current_stack":true,"logo":null,"time_range":[2,6,7]}},{"model":"jobs.stack","pk":79,"fields":{"name":"Bulma","is_current_stack":false,"logo":null,"time_range":[7]}},{"model":"jobs.stack","pk":80,"fields":{"name":"TailwindCSS","is_current_stack":true,"logo":null,"time_range":[2,6]}},{"model":"jobs.stack","pk":81,"fields":{"name":"Angular","is_current_stack":false,"logo":null,"time_range":[8]}},{"model":"jobs.stack","pk":82,"fields":{"name":"Gulp","is_current_stack":false,"logo":null,"time_range":[7,8]}},{"model":"jobs.stack","pk":83,"fields":{"name":"Jira","is_current_stack":false,"logo":null,"time_range":[2,4,5,3]}},{"model":"jobs.stack","pk":84,"fields":{"name":"Trello","is_current_stack":false,"logo":null,"time_range":[4,5,3,6,7,8]}},{"model":"jobs.stack","pk":85,"fields":{"name":"WowJS","is_current_stack":false,"logo":"https://pngimg.com/d/doge_meme_PNG11.png","time_range":[7]}},{"model":"jobs.stack","pk":86,"fields":{"name":"Front End Development","is_current_stack":false,"logo":"https://cdn-icons-png.flaticon.com/512/8099/8099697.png","time_range":[8]}},{"model":"jobs.stack","pk":87,"fields":{"name":"CodeIgniter","is_current_stack":false,"logo":null,"time_range":[9]}},{"model":"jobs.stack","pk":88,"fields":{"name":"Tortoisegit","is_current_stack":false,"logo":null,"time_range":[10]}},{"model":"jobs.job","pk":1,"fields":{"title":"BeeMôn Tecnologia","description":"<div>Dockerização de aplicações Python com múltiplas escalas, como Docker e Docker Compose;</div><div><br></div><div>Feature Toggle e documentação com aplicações Django criadas por nós mesmos;</div><div><br></div><div>Web Crawling com Selenium, Requests, Beautiful Soup, Jinja (HTML+CSS) para apresentação de dados e captura de tela em PDF (quando o crawler estava com a biblioteca de requests);</div><div><br></div><div>Gerenciamento de dados com Django, PostgreSQL, Redis;</div><div><br></div><div>Observabilidade com Sentry, Grafana;</div><div><br></div><div>Qualidade de software com SonarQube, Ruff, Black, iSort, Github Actions e Unittests;</div><div><br></div><div>Unittests com Django's TestCase, Model Bakery;</div><div><br></div><div>Personalização do administrador do Django com Django Jazzmin, filtros personalizados do Django, AJAX, jQuery, HTML, CSS;</div><div><br></div><div>Comunicação de API/Computação assíncrona com DRF, Celery, RabbitMQ, Pika;</div><div><br></div><div>Treinamento de pessoas com palestras, apresentações e programação em pares.</div>","url":"https://www.linkedin.com/company/beemontech/posts/?feedView=all","logo":"https://media.licdn.com/dms/image/v2/D4E0BAQFh5FPjrivwlw/company-logo_200_200/company-logo_200_200/0/1682597430039/beemontech_logo?e=1756339200&v=beta&t=vD1BKbGo3mlbLRTLZrUccitW2jQilawH5yzYxt1NEUQ","is_current_job":false,"time_range":2,"stack":[1,15,16,17,18,20,21,22,23,25,26,27,28,29,30,31,32,33,35,36,37,40,41,44,45,46,47,48,49,50,51,2,3,4,78,80]}},{"model":"jobs.job","pk":2,"fields":{"title":"Sky.One","description":"<div>Desenvolver APIs REST utilizando o Django Rest Framework, fornecendo comunicação entre APIs externas para Soluções em Nuvem.<br><br>Manter e/ou atualizar o código existente, aprimorando-o com refatoração, testes unitários e documentações.<br><br>Trabalhar com Metodologias e Ferramentas Ágeis (dailies, OKRs, Jira, Kanban, Programação em Pares, etc.).<br><br>Auxiliar Juniores/Trainees a escrever código com boas práticas como Arquitetura Limpa, Código Limpo, DRY, Legibilidade, Melhoria de Desempenho, etc.<br><br>Realizar revisões de código, monitorar logs de APM e status de filas com ferramentas como Logstash, Kibana, RabbitMQ, etc.<br><br>Escrever scripts de e-mail e analisar modelos com Jinja2.</div>","url":"https://www.linkedin.com/company/skyoneplataform/","logo":"https://media.licdn.com/dms/image/v2/D4D0BAQHRciBaw8TTxw/company-logo_200_200/company-logo_200_200/0/1697757820229/skyonesolutions_logo?e=1756339200&v=beta&t=UHJHa9sEWmlwgn9rnSryR_Hyk4rvspCCq5HJBc2M564","is_current_job":false,"time_range":4,"stack":[1,2,4,44,18,3,10]}},{"model":"jobs.job","pk":3,"fields":{"title":"Partyou","description":"<div>Survey of functional and non-functional requirements. Implementation and maintenance of microservices using Flask, GIT, GitFlow, Swagger, Git Actions (validation of unit test coverage and formatting appropriate to best practices - pytest and flake8), PostgreSQL, ElasticSearch and Kafka. Sprints ceremonies (Retro, Planing, Dailies) using Jira as Agile tool.</div>","url":"https://www.linkedin.com/company/partyou/","logo":"https://media.licdn.com/dms/image/v2/D4D0BAQEI6rXT4uW_NQ/company-logo_200_200/company-logo_200_200/0/1719255647133/partyou_logo?e=1756339200&v=beta&t=1cBPgLYP-UJbG2g4Q-TShJANDtUW7VBKEV7t-3tgf9g","is_current_job":false,"time_range":5,"stack":[72,65,66,22,67,68,6,29,8,70,32,31,71,9,44,49,27,48,10]}},{"model":"jobs.job","pk":4,"fields":{"title":"Kabum","description":"<div>Desenvolvimento e manutenção de microsserviço em Python (Flask) utilizando Clean Architecture, Clean Code e SOLID.<br><br>Escrever testes unitários com PyTest e Coverage. Ferramentas ágeis: Jira e Confluence.<br><br>Ferramentas de qualidade de software: Jenkins, SonarQube<br><br>Observabilidade com DataDog, Grafana, alertas customizados no Telegram aliados a Circuit Break<br><br>Sistema de Controle de Versão com Git e GitFlow.</div>","url":"https://www.linkedin.com/company/kabum/","logo":"https://media.licdn.com/dms/image/v2/C4D0BAQFvyA9mKn1Kcg/company-logo_200_200/company-logo_200_200/0/1630460455979/kabum_logo?e=1756339200&v=beta&t=EV49LHP1XLSreI5RYSdhwK7WEAP_j5TNADtJQgqMiNo","is_current_job":false,"time_range":3,"stack":[8,6,7,65,66,22,29,46,70,32,31,71,44,49,73,68,67,50,47,57,51,10]}},{"model":"jobs.job","pk":5,"fields":{"title":"Montreal Informática","description":"<div>Manutenção e evolução de sistemas web estaduais&nbsp;voltados à saúde&nbsp;utilizando PHP, Oracle e VueJs</div>","url":"https://montreal.com.br/","logo":"https://montreal.com.br/wp-content/uploads/2025/01/logoBranco.png","is_current_job":false,"time_range":6,"stack":[2,4,12,13,14,29,49,75,3,74,70,22]}},{"model":"jobs.job","pk":6,"fields":{"title":"República Interativa","description":"<div>Levantamento de Requisitos (Funcionais e Não-Funcionais), Desenvolvimento em PHP, MySQL, Wordpress, Docker.<br><br>Entregas customizadas para clientes cuidando tanto do front (HTML, CSS, JS, Bulma, Bootstrap) quanto do back-end (PHP, MySQL, Wordpress).</div>","url":"https://www.linkedin.com/company/9326743/?lipi=urn%3Ali%3Apage%3Ad_flagship3_profile_view_base_position_details%3Bzfu5oi6mQQGEIg5dVHmRZg%3D%3D","logo":"https://media.licdn.com/dms/image/v2/C4E0BAQG8aNnfKzIVWA/company-logo_100_100/company-logo_100_100/0/1630580404113/repblica_interativa_logo?e=1756944000&v=beta&t=GOuV67vr4DjyoQ2Ahu2Z1gGMWbGTrm6G92D3V1v_iEg","is_current_job":false,"time_range":7,"stack":[2,3,4,37,76,78,47,79,17,7,41,74,77,50,20,22,29,35,49,31]}},{"model":"jobs.job","pk":7,"fields":{"title":"3i Consultoria","description":"<div>Levantamento de Requisitos (Funcionais e Não-Funcionais), Desenvolvimento Frontend com Angular, SASS, Gulp, Docker e outros.</div>","url":"https://www.linkedin.com/in/gomesmarcos/add-edit/POSITION/?profileFormEntryPoint=PROFILE_SECTION&entityUrn=urn%3Ali%3Afsd_profilePosition%3A%28ACoAAB5VQh4BoTVXMl8sQvfiRi5zsPtrKkWRlaw%2C1386250927%29&t","logo":"https://media.licdn.com/dms/image/v2/C4E0BAQHpv8V-gPZRHA/company-logo_100_100/company-logo_100_100/0/1631377525338/3i_consultoria_logo?e=1756944000&v=beta&t=bBcSwDjjUk6gar5JbOF5oU4fUbFYa2wFk0dZs5my1Hg","is_current_job":false,"time_range":8,"stack":[2,4,14,48,78,3,20,81,82,22,84,86]}},{"model":"jobs.job","pk":8,"fields":{"title":"2B Educação","description":"<div>Manutenção do e­commerce da Editora;<br><br>Criação de consultas, funções e telas, visando a Experiência do Usuário;Pesquisa sobre UX;<br><br>Reformulação de toda Interface do Usuário do Site;<br><br>Criação da funcionalidade de Compra sem Cadastro, visando a melhor experiência do Usuário.</div>","url":"https://www.linkedin.com/in/gomesmarcos/add-edit/POSITION/?profileFormEntryPoint=PROFILE_SECTION&entityUrn=urn%3Ali%3Afsd_profilePosition%3A%28ACoAAB5VQh4BoTVXMl8sQvfiRi5zsPtrKkWRlaw%2C1359753880%29&t","logo":"https://media.licdn.com/dms/image/v2/C4E0BAQHyaXJ_87gRTg/company-logo_100_100/company-logo_100_100/0/1630583668478/2beducacao_logo?e=1756944000&v=beta&t=jT2cVnAQofmqeQWWHdECFlRXSceOp5AMaTMg2YeSArk","is_current_job":false,"time_range":9,"stack":[2,4,7,17,35,49,77,78,3,41,70,87]}},{"model":"jobs.job","pk":9,"fields":{"title":"Procuradoria Geral do Município","description":"<div>Estágio na procuradoria geral de Salvador<br><br>Coletar requisitos dos usuários (estagiários, procuradores e secretários do órgão);<br><br>Prototipagem e desenvolvimento de módulos do SIAP (Sistema de Acompanhamento de Processos da PGMS);<br><br>Criação de Gráficos utilizando HighCharts;<br><br>Criação de Rotinas e Relatórios em SQL Server;<br><br>Criação de Rotinas em C#;</div>","url":"https://www.linkedin.com/in/gomesmarcos/add-edit/POSITION/?profileFormEntryPoint=PROFILE_SECTION&entityUrn=urn%3Ali%3Afsd_profilePosition%3A%28ACoAAB5VQh4BoTVXMl8sQvfiRi5zsPtrKkWRlaw%2C1359751911%29&t","logo":"https://cientificaconcursos.com.br/wp-content/uploads/2024/06/salvador_logo.png","is_current_job":false,"time_range":10,"stack":[2,35,4,70,7,41,74,77,78,50,20,84,22,88]}},{"model":"social.address","pk":1,"fields":{"street":"Avenida Tancredo Neves","number":"1283","complement":"Edif Empresarial Omega Sala 902","neighborhood":"Caminho das Arvores","city":"Salvador","state":"BA","country":"BRA","zipcode":"41820021"}},{"model":"social.socialmedia","pk":1,"fields":{"name":"LinkedIn","url":"https://www.linkedin.com/in/gomesmarcos/","url_logo":null}},{"model":"social.socialmedia","pk":2,"fields":{"name":"CodePen","url":"https://codepen.io/gomesmarcos","url_logo":null}},{"model":"social.socialmedia","pk":3,"fields":{"name":"Github","url":"https://github.com/GomesMarcos/","url_logo":null}},{"model":"social.social","pk":1,"fields":{"name":"GomeSystems","author":"Marcos Gomes","thumbnail":"","about_us":"<div>Atuo como desenvolvedor Web desde 2017, logo após ter pivotado da área de Música para programação, por enxergar melhores oportunidades. <br><br>Venho trabalhando majoritariamente com Python, principalmente com Flask e estudando Django e Django Rest Framework. Também possuo experiência com PHP e os seguintes frameworks: WordPress Developer, Laravel, CodeIgniter. Com tecnologias FrontEnd possuo experiência com HTML5, CSS3, JS, EcmaScript, um pouco de TypeScript, Angular 7, SVG, animações para Web, jQuery, AJAX. <br><br>Tenho experiência com os Bancos Relacionais Oracle, MySQL e SQL Server. Já utilizei ferramentas de versionamento SVN Tortoise e Git, este com as plataformas GitHub, GitLab e BitBucket. Atualmente estou estudando Django e DRF para desenvolvimento Web BackEnd e Angular2+/ Vue para o Front. <br><br>Tenho, também, alguns projetos pessoais em Python e Godot Game Engine. Gosto de atuar na área de Desenvolvimento de Softwares, Sistemas e Jogos porque, pra mim, é muito empolgante ver seu trabalho impactando diretamente em um número incalculável de pessoas.</div>","address":1,"phone_number":null,"email":"contato@gomesystems.dev.br","founded_in":"2022-03-01","social_media":[1,2,3]}}]